{
    "RandomForest": {
        "train_metrics": {
            "MAE": 58.55106946902654,
            "MSE": 18411.770558945136,
            "RMSE": 135.68997958193205,
            "R2": 0.9999279995644761,
            "Directional Accuracy": 0.9130847029077117
        },
        "test_metrics": {
            "MAE": 6879.846863131334,
            "MSE": 183145330.7666179,
            "RMSE": 13533.119772122684,
            "R2": 0.7027396387036373,
            "Directional Accuracy": 0.6957070707070707
        }
    },
    "GradientBoosting": {
        "train_metrics": {
            "MAE": 100.21370729038202,
            "MSE": 27647.403197779287,
            "RMSE": 166.27508291316317,
            "R2": 0.9998918830177156,
            "Directional Accuracy": 0.7860303413400759
        },
        "test_metrics": {
            "MAE": 6708.83646058665,
            "MSE": 176664125.9980613,
            "RMSE": 13291.505783697396,
            "R2": 0.7132591821889798,
            "Directional Accuracy": 0.7702020202020202
        }
    },
    "XGBoost": {
        "train_metrics": {
            "MAE": 15.851173774343067,
            "MSE": 520.0957939173583,
            "RMSE": 22.805608825842782,
            "R2": 0.9999979661313095,
            "Directional Accuracy": 0.8621997471554994
        },
        "test_metrics": {
            "MAE": 7587.289563604798,
            "MSE": 208117539.57208532,
            "RMSE": 14426.279477817048,
            "R2": 0.6622076317951954,
            "Directional Accuracy": 0.7727272727272727
        }
    },
    "LightGBM": {
        "train_metrics": {
            "MAE": 52.50178267910372,
            "MSE": 10739.771578747323,
            "RMSE": 103.6328692005935,
            "R2": 0.99995800141933,
            "Directional Accuracy": 0.8511378002528445
        },
        "test_metrics": {
            "MAE": 7381.25366224013,
            "MSE": 201819810.92640465,
            "RMSE": 14206.329959789216,
            "R2": 0.6724293780156713,
            "Directional Accuracy": 0.7714646464646465
        }
    }
}